{
  "name": "example",
  "inertia": [
    0.00201,
    0.00153,
    0.00203
  ],
  "mass": 0.585, 
  "drag_coeffs": [
    [
      5,
      30,
      20
    ]
  ],
  "max_rate": 3.0,
  "max_spd": 12.0,
  "max_pos": 10.0,
  "BODYRAYE_PID": {
    "p": [
      [
        36.6,
        0,
        0
      ],
      [
        0,
        43.6,
        0
      ],
      [
        0,
        0,
        32.6
      ]
    ],
    "i": [
      [
      0.0,
      0,
      0
    ],
    [
      0,
      0.0,
      0
    ],
    [
      0,
      0,
      0.0
    ]
  ],
    "d": [
      [
      0.0002,
      0,
      0
    ],
    [
      0,
      0.0001,
      0
    ],
    [
      0,
      0,
      0.0004
    ]
  ]
  },
  "THRUST_PID": {
    "p": 1.0,
    "d": 0.016,
    "i": 0.0
  },
  "VELOCITY_PID": {
    "p": 1.1,
    "i": 0.01,
    "d": 0.7
  },
  "POSITION_PID": {
    "p": 1,
    "i": 0.01,
    "d": 0.25
  },
  "arm_length": 0.075,
  "kappa": 0.016,
  "motor_omega_max": 4000,
  "motor_omega_min": 200,
  "motor_tau": 0.033,
  "thrust_map": [
    3.981e-07,
    4.16719e-05,
    -0.0338367351
  ],
  "_comment_": [
    "kappa: drag coefficient"
  ]
}